{
    "10.113.81.66": {
        "nombre": "Marin",
        "ultima_conexion": "2025-03-05 18:12:01"
    },
    "10.113.81.66_Peter Pan": {
        "nombre": "Peter Pan",
        "ultima_conexion": "2025-03-06 09:49:32"
    },
    "10.113.81.66_Peter Pit": {
        "nombre": "Peter Pit",
        "ultima_conexion": "2025-03-06 09:29:18"
    },
    "10.113.81.66_Pittt pan": {
        "nombre": "Pittt pan",
        "ultima_conexion": "2025-03-06 10:15:39"
    },
    "10.113.81.66_Desconocido": {
        "nombre": "Desconocido",
        "ultima_conexion": "2025-03-06 11:08:06"
    },
    "10.186.147.176_Jeus": {
        "nombre": "Jeus",
        "ultima_conexion": "2025-03-10 17:32:21"
    },
    "10.186.147.176_LlaveAcida": {
        "nombre": "LlaveAcida",
        "ultima_conexion": "2025-03-11 09:23:41"
    },
    "10.186.147.176_PayPal": {
        "nombre": "PayPal",
        "ultima_conexion": "2025-03-11 10:06:22"
    },
    "10.186.147.176_Oneplus": {
        "nombre": "Oneplus",
        "ultima_conexion": "2025-03-11 12:33:51"
    },
    "10.186.147.176_Ajam": {
        "nombre": "Ajam",
        "ultima_conexion": "2025-03-11 12:50:42"
    },
    "10.186.147.176_Argentinos": {
        "nombre": "Argentinos",
        "ultima_conexion": "2025-03-11 15:33:52"
    },
    "10.186.147.176_Telefono": {
        "nombre": "Telefono",
        "ultima_conexion": "2025-03-11 16:01:39"
    },
    "10.186.147.176_Chincheta": {
        "nombre": "Chincheta",
        "ultima_conexion": "2025-03-11 16:12:17"
    },
    "10.186.147.176_Aceitunas": {
        "nombre": "Aceitunas",
        "ultima_conexion": "2025-03-11 16:52:51"
    },
    "10.186.147.126_LagambitaManu": {
        "nombre": "LagambitaManu",
        "ultima_conexion": "2025-03-13 08:33:08"
    },
    "10.185.57.176_LlorenteMadridista": {
        "nombre": "LlorenteMadridista",
        "ultima_conexion": "2025-03-21 12:44:08"
    },
    "10.185.57.126_SimeoneCagon": {
        "nombre": "SimeoneCagon",
        "ultima_conexion": "2025-03-17 11:24:41"
    },
    "10.185.57.176_LastIntento": {
        "nombre": "LastIntento",
        "ultima_conexion": "2025-03-31 16:26:43"
    },
    "10.185.57.176_Clave1": {
        "nombre": "Clave1",
        "ultima_conexion": "2025-04-03 12:46:34"
    },
    "null": {
        "nombre": "Desconocido",
        "ultima_conexion": "2025-04-04 10:59:55"
    },
    "10.40.253.176_123": {
        "nombre": "123",
        "ultima_conexion": "2025-04-08 10:25:04"
    },
    "10.40.253.176_777": {
        "nombre": "777",
        "ultima_conexion": "2025-04-08 13:41:36"
    },
    "10.40.253.176_565": {
        "nombre": "565",
        "ultima_conexion": "2025-04-08 13:48:02"
    },
    "10.40.253.176_433": {
        "nombre": "433",
        "ultima_conexion": "2025-04-08 16:45:59"
    },
    "10.40.253.176_173": {
        "nombre": "173",
        "ultima_conexion": "2025-04-08 18:04:21"
    },
    "10.141.202.176_533": {
        "nombre": "533",
        "ultima_conexion": "2025-04-11 11:15:40"
    },
    "10.141.202.176_4231": {
        "nombre": "4231",
        "ultima_conexion": "2025-04-11 11:54:46"
    },
    "10.141.202.176_451": {
        "nombre": "451",
        "ultima_conexion": "2025-04-22 13:50:14"
    },
    "172.17.204.176_ClienteVideo": {
        "nombre": "ClienteVideo",
        "ultima_conexion": "2025-04-24 09:22:46"
    },
    "10.181.172.151_888888": {
        "nombre": "888888",
        "ultima_conexion": "2025-05-20 09:06:53"
    }
}